{
  "dataset": "UDA-Benchmark paper_text evidence subset",
  "source": "C:\\Users\\buaaz\\Desktop\\agent\\nanobot\\datasets\\uda-benchmark\\extended_qa_info\\paper_text_qa.json",
  "docs": 150,
  "cases": 300,
  "k_values": [
    1,
    3,
    5,
    10
  ],
  "experiments": [
    {
      "name": "baseline_hashing_hybrid",
      "retrieval_mode": "hybrid",
      "embedding_provider": "hashing",
      "reranker_provider": "none",
      "ingested_docs": 150,
      "init_seconds": 0.016,
      "ingest_seconds": 5.354,
      "eval_seconds": 27.296,
      "avg_query_ms": 90.987,
      "metrics": {
        "cases": 300,
        "recall_at_k": {
          "1": 0.04,
          "3": 0.08333333333333333,
          "5": 0.10666666666666667,
          "10": 0.17333333333333334
        },
        "hit_rate_at_k": {
          "1": 0.04,
          "3": 0.08333333333333333,
          "5": 0.10666666666666667,
          "10": 0.17333333333333334
        },
        "mrr": 0.07449074074074073
      }
    },
    {
      "name": "ours_bge_vector",
      "retrieval_mode": "vector",
      "embedding_provider": "bge-m3",
      "reranker_provider": "none",
      "ingested_docs": 150,
      "init_seconds": 115.196,
      "ingest_seconds": 45.406,
      "eval_seconds": 16.807,
      "avg_query_ms": 56.023,
      "metrics": {
        "cases": 300,
        "recall_at_k": {
          "1": 0.4033333333333333,
          "3": 0.47333333333333333,
          "5": 0.54,
          "10": 0.61
        },
        "hit_rate_at_k": {
          "1": 0.4033333333333333,
          "3": 0.47333333333333333,
          "5": 0.54,
          "10": 0.61
        },
        "mrr": 0.4582936507936509
      }
    },
    {
      "name": "ours_bge_hybrid",
      "retrieval_mode": "hybrid",
      "embedding_provider": "bge-m3",
      "reranker_provider": "none",
      "ingested_docs": 150,
      "init_seconds": 58.002,
      "ingest_seconds": 41.014,
      "eval_seconds": 38.931,
      "avg_query_ms": 129.769,
      "metrics": {
        "cases": 300,
        "recall_at_k": {
          "1": 0.1,
          "3": 0.20333333333333334,
          "5": 0.27666666666666667,
          "10": 0.41333333333333333
        },
        "hit_rate_at_k": {
          "1": 0.1,
          "3": 0.20333333333333334,
          "5": 0.27666666666666667,
          "10": 0.41333333333333333
        },
        "mrr": 0.17954629629629643
      }
    },
    {
      "name": "ours_bge_hybrid_rerank",
      "retrieval_mode": "hybrid",
      "embedding_provider": "bge-m3",
      "reranker_provider": "bge-reranker",
      "ingested_docs": 150,
      "init_seconds": 53.313,
      "ingest_seconds": 43.897,
      "eval_seconds": 149.818,
      "avg_query_ms": 499.393,
      "metrics": {
        "cases": 300,
        "recall_at_k": {
          "1": 0.41333333333333333,
          "3": 0.49,
          "5": 0.5366666666666666,
          "10": 0.5766666666666667
        },
        "hit_rate_at_k": {
          "1": 0.41333333333333333,
          "3": 0.49,
          "5": 0.5366666666666666,
          "10": 0.5766666666666667
        },
        "mrr": 0.46006613756613757
      }
    },
    {
      "name": "ours_bge_vector_rerank",
      "retrieval_mode": "vector",
      "embedding_provider": "bge-m3",
      "reranker_provider": "bge-reranker",
      "ingested_docs": 150,
      "init_seconds": 310.014,
      "ingest_seconds": 54.568,
      "eval_seconds": 103.963,
      "avg_query_ms": 346.542,
      "metrics": {
        "cases": 300,
        "recall_at_k": {
          "1": 0.41333333333333333,
          "3": 0.5033333333333333,
          "5": 0.5466666666666666,
          "10": 0.6233333333333333
        },
        "hit_rate_at_k": {
          "1": 0.41333333333333333,
          "3": 0.5033333333333333,
          "5": 0.5466666666666666,
          "10": 0.6233333333333333
        },
        "mrr": 0.47261243386243373
      }
    }
  ]
}