{
  "dataset": "UDA-Benchmark paper_text evidence subset",
  "source": "C:\\Users\\buaaz\\Desktop\\agent\\nanobot\\datasets\\uda-benchmark\\extended_qa_info\\paper_text_qa.json",
  "docs": 150,
  "cases": 300,
  "k_values": [
    1,
    3,
    5,
    10
  ],
  "experiments": [
    {
      "name": "baseline_hashing_hybrid",
      "retrieval_mode": "hybrid",
      "embedding_provider": "hashing",
      "reranker_provider": "none",
      "ingested_docs": 150,
      "init_seconds": 0.016,
      "ingest_seconds": 4.848,
      "eval_seconds": 23.445,
      "avg_query_ms": 78.15,
      "metrics": {
        "cases": 300,
        "recall_at_k": {
          "1": 0.04,
          "3": 0.08333333333333333,
          "5": 0.10666666666666667,
          "10": 0.17333333333333334
        },
        "hit_rate_at_k": {
          "1": 0.04,
          "3": 0.08333333333333333,
          "5": 0.10666666666666667,
          "10": 0.17333333333333334
        },
        "mrr": 0.07449074074074073
      }
    },
    {
      "name": "ours_bge_vector",
      "retrieval_mode": "vector",
      "embedding_provider": "bge-m3",
      "reranker_provider": "none",
      "ingested_docs": 150,
      "init_seconds": 36.368,
      "ingest_seconds": 40.071,
      "eval_seconds": 14.624,
      "avg_query_ms": 48.747,
      "metrics": {
        "cases": 300,
        "recall_at_k": {
          "1": 0.4033333333333333,
          "3": 0.47333333333333333,
          "5": 0.54,
          "10": 0.61
        },
        "hit_rate_at_k": {
          "1": 0.4033333333333333,
          "3": 0.47333333333333333,
          "5": 0.54,
          "10": 0.61
        },
        "mrr": 0.4582936507936509
      }
    },
    {
      "name": "ours_bge_hybrid",
      "retrieval_mode": "hybrid",
      "embedding_provider": "bge-m3",
      "reranker_provider": "none",
      "ingested_docs": 150,
      "init_seconds": 22.72,
      "ingest_seconds": 39.615,
      "eval_seconds": 35.698,
      "avg_query_ms": 118.994,
      "metrics": {
        "cases": 300,
        "recall_at_k": {
          "1": 0.1,
          "3": 0.20333333333333334,
          "5": 0.27666666666666667,
          "10": 0.41333333333333333
        },
        "hit_rate_at_k": {
          "1": 0.1,
          "3": 0.20333333333333334,
          "5": 0.27666666666666667,
          "10": 0.41333333333333333
        },
        "mrr": 0.17954629629629643
      }
    },
    {
      "name": "ours_bge_hybrid_rerank",
      "retrieval_mode": "hybrid",
      "embedding_provider": "bge-m3",
      "reranker_provider": "bge-reranker",
      "ingested_docs": 150,
      "init_seconds": 42.722,
      "ingest_seconds": 39.76,
      "eval_seconds": 135.459,
      "avg_query_ms": 451.531,
      "metrics": {
        "cases": 300,
        "recall_at_k": {
          "1": 0.41333333333333333,
          "3": 0.49,
          "5": 0.5366666666666666,
          "10": 0.5766666666666667
        },
        "hit_rate_at_k": {
          "1": 0.41333333333333333,
          "3": 0.49,
          "5": 0.5366666666666666,
          "10": 0.5766666666666667
        },
        "mrr": 0.46006613756613757
      }
    }
  ]
}